{
  "project_info": {
    "project_number": "648079296131",
    "firebase_url": "https://soul-scripter-default-rtdb.firebaseio.com",
    "project_id": "soul-scripter",
    "storage_bucket": "soul-scripter.firebasestorage.app"
  },
  "client": [
    {
      "client_info": {
        "mobilesdk_app_id": "1:648079296131:android:fe531eda9efa81eab13db6",
        "android_client_info": {
          "package_name": "in.innovateria.soulscripter"
        }
      },
      "oauth_client": [
        {
          "client_id": "648079296131-mq2kpnflki2vq5oa5nk0j1obeue0o9hb.apps.googleusercontent.com",
          "client_type": 3
        }
      ],
      "api_key": [
        {
          "current_key": "AIzaSyCIEi-Selb4evh69YwDmgw0fNlA5qIwv2U"
        }
      ],
      "services": {
        "appinvite_service": {
          "other_platform_oauth_client": [
            {
              "client_id": "648079296131-mq2kpnflki2vq5oa5nk0j1obeue0o9hb.apps.googleusercontent.com",
              "client_type": 3
            },
            {
              "client_id": "648079296131-n582u0bjbrkq7n2uvh21cs2sj7t7pkvs.apps.googleusercontent.com",
              "client_type": 2,
              "ios_info": {
                "bundle_id": "in.innovateria.soulscripter"
              }
            }
          ]
        }
      }
    }
  ],
  "configuration_version": "1"
}